[{"data": [{"text": "Varieties\n\n\n\nRecommended year\n\n\n\nDuration (in days)\n\n\n\nYield (q / ha)\n\n\n\nMajor specialties\n\n\n\n \n\nJ.G. 14\n\n\n\n2009 95-110 20-25\n\nSuitable for making pulses, more temperature tolerant, cold-water resistant, irrigated areas of central region, recommended for late planting\n\n\n\n\n\n\n\nZakie 9218 2006 112 18-20\n\nLow sprawling plant, prophage branches, plant light brown, grained angular shape, smooth surface, weed 20-27 grams, recommended for irrigated and unincorporated cultivation.", "userDefined": false}], "isTemplate": false, "count": 0, "updated": 0}]