[{"data": [{"text": "For seed treatment-Use recommended dose of carbandazim + thirum (2:1) 3 gram per kg of seed or thirum + carboxin 75 wp 3 gram per kg of seed or Thiamethoxam 78 WG 3 gram per kg of seed or trichoderma virdi 5 gram per kg of seed or Mancozeb or metalexil or kepton fungicide 3 gram per kg of seed.\nInsecticide- Use recommended dose of imidacloprid (Gaucho) 5-7 gram per kg of seed after treat with fungicide.", "userDefined": false}], "isTemplate": false, "count": 0, "updated": 0}]