[{"data": [{"text": "Fertilizers should be used on soil testing basis only.\n\nNitrogen stabilization bacteria are found in the glands found in the roots of gram plants, which absorb the nitrogen from the atmosphere and use this nitrogen to make the plants grow.\n\nTo achieve good yield, use 20-25 kg of nitrogen 50-60 kg phosphorus 20 kg potash and 20 kg per hectare per hectare.\n\nScientific research has shown that in the unstructured condition, 2 percent urea or DAP Spray on the crop increases the yield of gram.", "userDefined": false}], "isTemplate": false, "count": 0, "updated": 0}]