[{"data": [{"text": "Manure and fertilizer:\n\nThe onion crop requires high amounts of nutrients; the fertilizer and fertilizer should be used on the basis of soil testing on the onion crop. Manure of cow dung should be planted 20-25 t / ha in the farm before one or two months. In addition, nitrogen is 100 kg Per hectare, phosphor 50 kg Per hectare and potash 50 kg Recommendations are given per hectare. In addition, sulfur 25 kg and zinc 5 kg. Per hectare is necessary to improve onion quality", "userDefined": false}], "isTemplate": false, "count": 0, "updated": 0}]