[{"data": [{"text": "Crop name - Sugarcane (Continued - 15th December - 15th February), (East-15th Oct-15Novnbeer) (Odali-15th July-15th August)\n\nSeed ratio (Key / O) One eye-5000, two eyes-10,000-12,000\n\nPlanting difference (Feet) -4 * 1, 4 * 0.5. Strapped to 2.5 * 5 or 3 * 6\n\nHectare production (q / ha) - 100-150\n\nDuration of the crop (months) -Suur 14, East 16, Rotis 17-18\n\nImproved cast-offs: to 86032 (NEERA), COm 0265, CO-VSI 80 80 (Sharad-1), start and east: 8074 (Mahalaxmi) Kosi 671 Vasant-1) Co9 4012 (Phulasvatri), KO-VSI 03102,", "userDefined": false}], "isTemplate": false, "count": 0, "updated": 0}]